level,set_no,question_no,question_type,script,question,choice_a,choice_b,choice_c,choice_d,answer,script_ja,question_ja,choice_a_ja,choice_b_ja,choice_c_ja,choice_d_ja,explanation,eiken_likeness_score,difficulty_score,naturalness_score,choice_quality_score,trap_quality_score,topic_variety_score,educational_value_score,overall_score,evaluation_comment
準2級プラス,1,1,短い会話,"A student and a staff member are talking about school club schedule. The student asks for help, and the staff member gives one clear suggestion. The main point is practical and connected to daily life.",What should the student do next?,Cancel the plan without checking details.,Ignore the advice and wait a week.,Follow the staff member's suggestion right away.,Ask a different office about an unrelated issue.,C,生徒と職員がSchool club scheduleについて話しています。生徒が助けを求め、職員が明確な提案をします。要点は日常に直結した実用情報です。,その生徒は次に何をするべきですか。,詳細を確認せずに計画をキャンセルする。,アドバイスを無視して1週間待つ。,職員の提案にすぐに従う。,別の窓口で関係のない問題について尋ねる。,"正答は、会話の最後で示された具体的な次の行動と一致するため。誤答は時期・目的・行動が会話内容とずれる。キーワードは suggestion, next, practical step。ひっかけは似た語の wait/check。準2級プラスでは日常場面で情報を即時処理する力が問われる。まずは最後の一文を必ず確認する。",9,8,9,8,8,8,9,8,日常場面に即した設問で実戦的
準2級プラス,2,1,短い会話,"A student and a staff member are talking about part-time job shift. The student asks for help, and the staff member gives one clear suggestion. The main point is practical and connected to daily life.",What should the student do next?,Ignore the advice and wait a week.,Ask a different office about an unrelated issue.,Cancel the plan without checking details.,Follow the staff member's suggestion right away.,D,生徒と職員がPart-time job shiftについて話しています。生徒が助けを求め、職員が明確な提案をします。要点は日常に直結した実用情報です。,その生徒は次に何をするべきですか。,アドバイスを無視して1週間待つ。,別の窓口で関係のない問題について尋ねる。,詳細を確認せずに計画をキャンセルする。,職員の提案にすぐに従う。,"正答は、会話の最後で示された具体的な次の行動と一致するため。誤答は時期・目的・行動が会話内容とずれる。キーワードは suggestion, next, practical step。ひっかけは似た語の wait/check。準2級プラスでは日常場面で情報を即時処理する力が問われる。まずは最後の一文を必ず確認する。",9,8,9,8,8,8,9,8,日常場面に即した設問で実戦的
準2級プラス,3,1,アナウンス,"A student and a staff member are talking about train delay. The student asks for help, and the staff member gives one clear suggestion. The main point is practical and connected to daily life.",What should the student do next?,Ignore the advice and wait a week.,Follow the staff member's suggestion right away.,Cancel the plan without checking details.,Ask a different office about an unrelated issue.,B,生徒と職員がTrain delayについて話しています。生徒が助けを求め、職員が明確な提案をします。要点は日常に直結した実用情報です。,その生徒は次に何をするべきですか。,アドバイスを無視して1週間待つ。,職員の提案にすぐに従う。,詳細を確認せずに計画をキャンセルする。,別の窓口で関係のない問題について尋ねる。,"正答は、会話の最後で示された具体的な次の行動と一致するため。誤答は時期・目的・行動が会話内容とずれる。キーワードは suggestion, next, practical step。ひっかけは似た語の wait/check。準2級プラスでは日常場面で情報を即時処理する力が問われる。まずは最後の一文を必ず確認する。",9,8,9,8,8,8,9,8,日常場面に即した設問で実戦的
準2級プラス,4,1,アナウンス,"A student and a staff member are talking about library rule. The student asks for help, and the staff member gives one clear suggestion. The main point is practical and connected to daily life.",What should the student do next?,Cancel the plan without checking details.,Ask a different office about an unrelated issue.,Follow the staff member's suggestion right away.,Ignore the advice and wait a week.,C,生徒と職員がLibrary ruleについて話しています。生徒が助けを求め、職員が明確な提案をします。要点は日常に直結した実用情報です。,その生徒は次に何をするべきですか。,詳細を確認せずに計画をキャンセルする。,別の窓口で関係のない問題について尋ねる。,職員の提案にすぐに従う。,アドバイスを無視して1週間待つ。,"正答は、会話の最後で示された具体的な次の行動と一致するため。誤答は時期・目的・行動が会話内容とずれる。キーワードは suggestion, next, practical step。ひっかけは似た語の wait/check。準2級プラスでは日常場面で情報を即時処理する力が問われる。まずは最後の一文を必ず確認する。",9,8,9,8,8,8,9,8,日常場面に即した設問で実戦的
準2級プラス,5,1,インタビュー,"A student and a staff member are talking about healthy breakfast. The student asks for help, and the staff member gives one clear suggestion. The main point is practical and connected to daily life.",What should the student do next?,Ask a different office about an unrelated issue.,Follow the staff member's suggestion right away.,Ignore the advice and wait a week.,Cancel the plan without checking details.,B,生徒と職員がHealthy breakfastについて話しています。生徒が助けを求め、職員が明確な提案をします。要点は日常に直結した実用情報です。,その生徒は次に何をするべきですか。,別の窓口で関係のない問題について尋ねる。,職員の提案にすぐに従う。,アドバイスを無視して1週間待つ。,詳細を確認せずに計画をキャンセルする。,"正答は、会話の最後で示された具体的な次の行動と一致するため。誤答は時期・目的・行動が会話内容とずれる。キーワードは suggestion, next, practical step。ひっかけは似た語の wait/check。準2級プラスでは日常場面で情報を即時処理する力が問われる。まずは最後の一文を必ず確認する。",9,8,9,8,8,8,9,8,日常場面に即した設問で実戦的
準2級プラス,6,1,短い会話,"A student and a staff member are talking about weekend plan change. The student asks for help, and the staff member gives one clear suggestion. The main point is practical and connected to daily life.",What should the student do next?,Ask a different office about an unrelated issue.,Cancel the plan without checking details.,Follow the staff member's suggestion right away.,Ignore the advice and wait a week.,C,生徒と職員がWeekend plan changeについて話しています。生徒が助けを求め、職員が明確な提案をします。要点は日常に直結した実用情報です。,その生徒は次に何をするべきですか。,別の窓口で関係のない問題について尋ねる。,詳細を確認せずに計画をキャンセルする。,職員の提案にすぐに従う。,アドバイスを無視して1週間待つ。,"正答は、会話の最後で示された具体的な次の行動と一致するため。誤答は時期・目的・行動が会話内容とずれる。キーワードは suggestion, next, practical step。ひっかけは似た語の wait/check。準2級プラスでは日常場面で情報を即時処理する力が問われる。まずは最後の一文を必ず確認する。",9,8,9,8,8,8,9,8,日常場面に即した設問で実戦的
準2級プラス,7,1,短い会話,"A student and a staff member are talking about lost umbrella. The student asks for help, and the staff member gives one clear suggestion. The main point is practical and connected to daily life.",What should the student do next?,Ignore the advice and wait a week.,Cancel the plan without checking details.,Ask a different office about an unrelated issue.,Follow the staff member's suggestion right away.,D,生徒と職員がLost umbrellaについて話しています。生徒が助けを求め、職員が明確な提案をします。要点は日常に直結した実用情報です。,その生徒は次に何をするべきですか。,アドバイスを無視して1週間待つ。,詳細を確認せずに計画をキャンセルする。,別の窓口で関係のない問題について尋ねる。,職員の提案にすぐに従う。,"正答は、会話の最後で示された具体的な次の行動と一致するため。誤答は時期・目的・行動が会話内容とずれる。キーワードは suggestion, next, practical step。ひっかけは似た語の wait/check。準2級プラスでは日常場面で情報を即時処理する力が問われる。まずは最後の一文を必ず確認する。",9,8,9,8,8,8,9,8,日常場面に即した設問で実戦的
準2級プラス,8,1,アナウンス,"A student and a staff member are talking about zoo event. The student asks for help, and the staff member gives one clear suggestion. The main point is practical and connected to daily life.",What should the student do next?,Cancel the plan without checking details.,Follow the staff member's suggestion right away.,Ask a different office about an unrelated issue.,Ignore the advice and wait a week.,B,生徒と職員がZoo eventについて話しています。生徒が助けを求め、職員が明確な提案をします。要点は日常に直結した実用情報です。,その生徒は次に何をするべきですか。,詳細を確認せずに計画をキャンセルする。,職員の提案にすぐに従う。,別の窓口で関係のない問題について尋ねる。,アドバイスを無視して1週間待つ。,"正答は、会話の最後で示された具体的な次の行動と一致するため。誤答は時期・目的・行動が会話内容とずれる。キーワードは suggestion, next, practical step。ひっかけは似た語の wait/check。準2級プラスでは日常場面で情報を即時処理する力が問われる。まずは最後の一文を必ず確認する。",9,8,9,8,8,8,9,8,日常場面に即した設問で実戦的
準2級プラス,9,1,説明文,"A student and a staff member are talking about online class tip. The student asks for help, and the staff member gives one clear suggestion. The main point is practical and connected to daily life.",What should the student do next?,Ignore the advice and wait a week.,Ask a different office about an unrelated issue.,Follow the staff member's suggestion right away.,Cancel the plan without checking details.,C,生徒と職員がOnline class tipについて話しています。生徒が助けを求め、職員が明確な提案をします。要点は日常に直結した実用情報です。,その生徒は次に何をするべきですか。,アドバイスを無視して1週間待つ。,別の窓口で関係のない問題について尋ねる。,職員の提案にすぐに従う。,詳細を確認せずに計画をキャンセルする。,"正答は、会話の最後で示された具体的な次の行動と一致するため。誤答は時期・目的・行動が会話内容とずれる。キーワードは suggestion, next, practical step。ひっかけは似た語の wait/check。準2級プラスでは日常場面で情報を即時処理する力が問われる。まずは最後の一文を必ず確認する。",9,8,9,8,8,8,9,8,日常場面に即した設問で実戦的
準2級プラス,10,1,短い会話,"A student and a staff member are talking about shopping discount. The student asks for help, and the staff member gives one clear suggestion. The main point is practical and connected to daily life.",What should the student do next?,Ignore the advice and wait a week.,Cancel the plan without checking details.,Ask a different office about an unrelated issue.,Follow the staff member's suggestion right away.,D,生徒と職員がShopping discountについて話しています。生徒が助けを求め、職員が明確な提案をします。要点は日常に直結した実用情報です。,その生徒は次に何をするべきですか。,アドバイスを無視して1週間待つ。,詳細を確認せずに計画をキャンセルする。,別の窓口で関係のない問題について尋ねる。,職員の提案にすぐに従う。,"正答は、会話の最後で示された具体的な次の行動と一致するため。誤答は時期・目的・行動が会話内容とずれる。キーワードは suggestion, next, practical step。ひっかけは似た語の wait/check。準2級プラスでは日常場面で情報を即時処理する力が問われる。まずは最後の一文を必ず確認する。",9,8,9,8,8,8,9,8,日常場面に即した設問で実戦的
準2級プラス,11,1,短い会話,"A student and a staff member are talking about school festival. The student asks for help, and the staff member gives one clear suggestion. The main point is practical and connected to daily life.",What should the student do next?,Cancel the plan without checking details.,Follow the staff member's suggestion right away.,Ignore the advice and wait a week.,Ask a different office about an unrelated issue.,B,生徒と職員がSchool festivalについて話しています。生徒が助けを求め、職員が明確な提案をします。要点は日常に直結した実用情報です。,その生徒は次に何をするべきですか。,詳細を確認せずに計画をキャンセルする。,職員の提案にすぐに従う。,アドバイスを無視して1週間待つ。,別の窓口で関係のない問題について尋ねる。,"正答は、会話の最後で示された具体的な次の行動と一致するため。誤答は時期・目的・行動が会話内容とずれる。キーワードは suggestion, next, practical step。ひっかけは似た語の wait/check。準2級プラスでは日常場面で情報を即時処理する力が問われる。まずは最後の一文を必ず確認する。",9,8,9,8,8,8,9,8,日常場面に即した設問で実戦的
準2級プラス,12,1,短い会話,"A student and a staff member are talking about weather and trip. The student asks for help, and the staff member gives one clear suggestion. The main point is practical and connected to daily life.",What should the student do next?,Cancel the plan without checking details.,Ignore the advice and wait a week.,Ask a different office about an unrelated issue.,Follow the staff member's suggestion right away.,D,生徒と職員がWeather and tripについて話しています。生徒が助けを求め、職員が明確な提案をします。要点は日常に直結した実用情報です。,その生徒は次に何をするべきですか。,詳細を確認せずに計画をキャンセルする。,アドバイスを無視して1週間待つ。,別の窓口で関係のない問題について尋ねる。,職員の提案にすぐに従う。,"正答は、会話の最後で示された具体的な次の行動と一致するため。誤答は時期・目的・行動が会話内容とずれる。キーワードは suggestion, next, practical step。ひっかけは似た語の wait/check。準2級プラスでは日常場面で情報を即時処理する力が問われる。まずは最後の一文を必ず確認する。",9,8,9,8,8,8,9,8,日常場面に即した設問で実戦的
準2級プラス,13,1,説明文,"A student and a staff member are talking about volunteer cleanup. The student asks for help, and the staff member gives one clear suggestion. The main point is practical and connected to daily life.",What should the student do next?,Cancel the plan without checking details.,Ask a different office about an unrelated issue.,Follow the staff member's suggestion right away.,Ignore the advice and wait a week.,C,生徒と職員がVolunteer cleanupについて話しています。生徒が助けを求め、職員が明確な提案をします。要点は日常に直結した実用情報です。,その生徒は次に何をするべきですか。,詳細を確認せずに計画をキャンセルする。,別の窓口で関係のない問題について尋ねる。,職員の提案にすぐに従う。,アドバイスを無視して1週間待つ。,"正答は、会話の最後で示された具体的な次の行動と一致するため。誤答は時期・目的・行動が会話内容とずれる。キーワードは suggestion, next, practical step。ひっかけは似た語の wait/check。準2級プラスでは日常場面で情報を即時処理する力が問われる。まずは最後の一文を必ず確認する。",9,8,9,8,8,8,9,8,日常場面に即した設問で実戦的
準2級プラス,14,1,短い会話,"A student and a staff member are talking about phone battery issue. The student asks for help, and the staff member gives one clear suggestion. The main point is practical and connected to daily life.",What should the student do next?,Ignore the advice and wait a week.,Cancel the plan without checking details.,Follow the staff member's suggestion right away.,Ask a different office about an unrelated issue.,C,生徒と職員がPhone battery issueについて話しています。生徒が助けを求め、職員が明確な提案をします。要点は日常に直結した実用情報です。,その生徒は次に何をするべきですか。,アドバイスを無視して1週間待つ。,詳細を確認せずに計画をキャンセルする。,職員の提案にすぐに従う。,別の窓口で関係のない問題について尋ねる。,"正答は、会話の最後で示された具体的な次の行動と一致するため。誤答は時期・目的・行動が会話内容とずれる。キーワードは suggestion, next, practical step。ひっかけは似た語の wait/check。準2級プラスでは日常場面で情報を即時処理する力が問われる。まずは最後の一文を必ず確認する。",9,8,9,8,8,8,9,8,日常場面に即した設問で実戦的
準2級プラス,15,1,短い会話,"A student and a staff member are talking about cafe order mistake. The student asks for help, and the staff member gives one clear suggestion. The main point is practical and connected to daily life.",What should the student do next?,Ignore the advice and wait a week.,Cancel the plan without checking details.,Ask a different office about an unrelated issue.,Follow the staff member's suggestion right away.,D,生徒と職員がCafe order mistakeについて話しています。生徒が助けを求め、職員が明確な提案をします。要点は日常に直結した実用情報です。,その生徒は次に何をするべきですか。,アドバイスを無視して1週間待つ。,詳細を確認せずに計画をキャンセルする。,別の窓口で関係のない問題について尋ねる。,職員の提案にすぐに従う。,"正答は、会話の最後で示された具体的な次の行動と一致するため。誤答は時期・目的・行動が会話内容とずれる。キーワードは suggestion, next, practical step。ひっかけは似た語の wait/check。準2級プラスでは日常場面で情報を即時処理する力が問われる。まずは最後の一文を必ず確認する。",9,8,9,8,8,8,9,8,日常場面に即した設問で実戦的
準2級プラス,16,1,アナウンス,"A student and a staff member are talking about bike parking. The student asks for help, and the staff member gives one clear suggestion. The main point is practical and connected to daily life.",What should the student do next?,Follow the staff member's suggestion right away.,Ignore the advice and wait a week.,Ask a different office about an unrelated issue.,Cancel the plan without checking details.,A,生徒と職員がBike parkingについて話しています。生徒が助けを求め、職員が明確な提案をします。要点は日常に直結した実用情報です。,その生徒は次に何をするべきですか。,職員の提案にすぐに従う。,アドバイスを無視して1週間待つ。,別の窓口で関係のない問題について尋ねる。,詳細を確認せずに計画をキャンセルする。,"正答は、会話の最後で示された具体的な次の行動と一致するため。誤答は時期・目的・行動が会話内容とずれる。キーワードは suggestion, next, practical step。ひっかけは似た語の wait/check。準2級プラスでは日常場面で情報を即時処理する力が問われる。まずは最後の一文を必ず確認する。",9,8,9,8,8,8,9,8,日常場面に即した設問で実戦的
準2級プラス,17,1,インタビュー,"A student and a staff member are talking about study routine. The student asks for help, and the staff member gives one clear suggestion. The main point is practical and connected to daily life.",What should the student do next?,Follow the staff member's suggestion right away.,Cancel the plan without checking details.,Ignore the advice and wait a week.,Ask a different office about an unrelated issue.,A,生徒と職員がStudy routineについて話しています。生徒が助けを求め、職員が明確な提案をします。要点は日常に直結した実用情報です。,その生徒は次に何をするべきですか。,職員の提案にすぐに従う。,詳細を確認せずに計画をキャンセルする。,アドバイスを無視して1週間待つ。,別の窓口で関係のない問題について尋ねる。,"正答は、会話の最後で示された具体的な次の行動と一致するため。誤答は時期・目的・行動が会話内容とずれる。キーワードは suggestion, next, practical step。ひっかけは似た語の wait/check。準2級プラスでは日常場面で情報を即時処理する力が問われる。まずは最後の一文を必ず確認する。",9,8,9,8,8,8,9,8,日常場面に即した設問で実戦的
準2級プラス,18,1,短い会話,"A student and a staff member are talking about movie start time. The student asks for help, and the staff member gives one clear suggestion. The main point is practical and connected to daily life.",What should the student do next?,Cancel the plan without checking details.,Follow the staff member's suggestion right away.,Ignore the advice and wait a week.,Ask a different office about an unrelated issue.,B,生徒と職員がMovie start timeについて話しています。生徒が助けを求め、職員が明確な提案をします。要点は日常に直結した実用情報です。,その生徒は次に何をするべきですか。,詳細を確認せずに計画をキャンセルする。,職員の提案にすぐに従う。,アドバイスを無視して1週間待つ。,別の窓口で関係のない問題について尋ねる。,"正答は、会話の最後で示された具体的な次の行動と一致するため。誤答は時期・目的・行動が会話内容とずれる。キーワードは suggestion, next, practical step。ひっかけは似た語の wait/check。準2級プラスでは日常場面で情報を即時処理する力が問われる。まずは最後の一文を必ず確認する。",9,8,9,8,8,8,9,8,日常場面に即した設問で実戦的
準2級プラス,19,1,短い会話,"A student and a staff member are talking about homework deadline. The student asks for help, and the staff member gives one clear suggestion. The main point is practical and connected to daily life.",What should the student do next?,Cancel the plan without checking details.,Follow the staff member's suggestion right away.,Ask a different office about an unrelated issue.,Ignore the advice and wait a week.,B,生徒と職員がHomework deadlineについて話しています。生徒が助けを求め、職員が明確な提案をします。要点は日常に直結した実用情報です。,その生徒は次に何をするべきですか。,詳細を確認せずに計画をキャンセルする。,職員の提案にすぐに従う。,別の窓口で関係のない問題について尋ねる。,アドバイスを無視して1週間待つ。,"正答は、会話の最後で示された具体的な次の行動と一致するため。誤答は時期・目的・行動が会話内容とずれる。キーワードは suggestion, next, practical step。ひっかけは似た語の wait/check。準2級プラスでは日常場面で情報を即時処理する力が問われる。まずは最後の一文を必ず確認する。",9,8,9,8,8,8,9,8,日常場面に即した設問で実戦的
準2級プラス,20,1,説明文,"A student and a staff member are talking about community sports day. The student asks for help, and the staff member gives one clear suggestion. The main point is practical and connected to daily life.",What should the student do next?,Cancel the plan without checking details.,Ignore the advice and wait a week.,Ask a different office about an unrelated issue.,Follow the staff member's suggestion right away.,D,生徒と職員がCommunity sports dayについて話しています。生徒が助けを求め、職員が明確な提案をします。要点は日常に直結した実用情報です。,その生徒は次に何をするべきですか。,詳細を確認せずに計画をキャンセルする。,アドバイスを無視して1週間待つ。,別の窓口で関係のない問題について尋ねる。,職員の提案にすぐに従う。,"正答は、会話の最後で示された具体的な次の行動と一致するため。誤答は時期・目的・行動が会話内容とずれる。キーワードは suggestion, next, practical step。ひっかけは似た語の wait/check。準2級プラスでは日常場面で情報を即時処理する力が問われる。まずは最後の一文を必ず確認する。",9,8,9,8,8,8,9,8,日常場面に即した設問で実戦的
準1級,1,1,対話,"In a conversation about remote work policy, the speakers compare two options, weighing cost, impact, and timing. They reject the first idea after noting a hidden drawback and settle on a feasible alternative.",Why do they choose the second option?,Because it balances effectiveness with realistic constraints.,Because it is popular on social media.,Because it is the fastest idea regardless of risk.,Because it requires no coordination at all.,A,Remote work policyに関する会話で、話者は費用・影響・時期の観点から2案を比較します。隠れた欠点が見つかり、実行可能な代替案を選びます。,彼らが2つ目の案を選ぶ理由は何ですか。,効果と現実的な制約のバランスが取れているから。,SNSで人気があるから。,リスクに関係なく最も速いアイデアだから。,調整が一切不要だから。,"正答は、費用・影響・時期の3要素を比較した結論と一致。誤答は speed/popularity/no coordination など本文で否定または言及なし。キーワードは drawback, feasible, balance。ひっかけは『速い＝良い』の短絡。準1級は複数条件の統合判断が難所。メモは比較軸ごとに取るとよい。",9,9,9,9,8,9,9,9,比較評価型で準1級らしい思考負荷
準1級,2,1,説明,"In a conversation about city recycling plan, the speakers compare two options, weighing cost, impact, and timing. They reject the first idea after noting a hidden drawback and settle on a feasible alternative.",Why do they choose the second option?,Because it is the fastest idea regardless of risk.,Because it balances effectiveness with realistic constraints.,Because it requires no coordination at all.,Because it is popular on social media.,B,City recycling planに関する会話で、話者は費用・影響・時期の観点から2案を比較します。隠れた欠点が見つかり、実行可能な代替案を選びます。,彼らが2つ目の案を選ぶ理由は何ですか。,リスクに関係なく最も速いアイデアだから。,効果と現実的な制約のバランスが取れているから。,調整が一切不要だから。,SNSで人気があるから。,"正答は、費用・影響・時期の3要素を比較した結論と一致。誤答は speed/popularity/no coordination など本文で否定または言及なし。キーワードは drawback, feasible, balance。ひっかけは『速い＝良い』の短絡。準1級は複数条件の統合判断が難所。メモは比較軸ごとに取るとよい。",9,9,9,9,8,9,9,9,比較評価型で準1級らしい思考負荷
準1級,3,1,対話,"In a conversation about travel refund rules, the speakers compare two options, weighing cost, impact, and timing. They reject the first idea after noting a hidden drawback and settle on a feasible alternative.",Why do they choose the second option?,Because it requires no coordination at all.,Because it is the fastest idea regardless of risk.,Because it is popular on social media.,Because it balances effectiveness with realistic constraints.,D,Travel refund rulesに関する会話で、話者は費用・影響・時期の観点から2案を比較します。隠れた欠点が見つかり、実行可能な代替案を選びます。,彼らが2つ目の案を選ぶ理由は何ですか。,調整が一切不要だから。,リスクに関係なく最も速いアイデアだから。,SNSで人気があるから。,効果と現実的な制約のバランスが取れているから。,"正答は、費用・影響・時期の3要素を比較した結論と一致。誤答は speed/popularity/no coordination など本文で否定または言及なし。キーワードは drawback, feasible, balance。ひっかけは『速い＝良い』の短絡。準1級は複数条件の統合判断が難所。メモは比較軸ごとに取るとよい。",9,9,9,9,8,9,9,9,比較評価型で準1級らしい思考負荷
準1級,4,1,講義,"In a conversation about university lecture summary, the speakers compare two options, weighing cost, impact, and timing. They reject the first idea after noting a hidden drawback and settle on a feasible alternative.",Why do they choose the second option?,Because it is popular on social media.,Because it balances effectiveness with realistic constraints.,Because it requires no coordination at all.,Because it is the fastest idea regardless of risk.,B,University lecture summaryに関する会話で、話者は費用・影響・時期の観点から2案を比較します。隠れた欠点が見つかり、実行可能な代替案を選びます。,彼らが2つ目の案を選ぶ理由は何ですか。,SNSで人気があるから。,効果と現実的な制約のバランスが取れているから。,調整が一切不要だから。,リスクに関係なく最も速いアイデアだから。,"正答は、費用・影響・時期の3要素を比較した結論と一致。誤答は speed/popularity/no coordination など本文で否定または言及なし。キーワードは drawback, feasible, balance。ひっかけは『速い＝良い』の短絡。準1級は複数条件の統合判断が難所。メモは比較軸ごとに取るとよい。",9,9,9,9,8,9,9,9,比較評価型で準1級らしい思考負荷
準1級,5,1,対話,"In a conversation about small business marketing, the speakers compare two options, weighing cost, impact, and timing. They reject the first idea after noting a hidden drawback and settle on a feasible alternative.",Why do they choose the second option?,Because it is popular on social media.,Because it balances effectiveness with realistic constraints.,Because it is the fastest idea regardless of risk.,Because it requires no coordination at all.,B,Small business marketingに関する会話で、話者は費用・影響・時期の観点から2案を比較します。隠れた欠点が見つかり、実行可能な代替案を選びます。,彼らが2つ目の案を選ぶ理由は何ですか。,SNSで人気があるから。,効果と現実的な制約のバランスが取れているから。,リスクに関係なく最も速いアイデアだから。,調整が一切不要だから。,"正答は、費用・影響・時期の3要素を比較した結論と一致。誤答は speed/popularity/no coordination など本文で否定または言及なし。キーワードは drawback, feasible, balance。ひっかけは『速い＝良い』の短絡。準1級は複数条件の統合判断が難所。メモは比較軸ごとに取るとよい。",9,9,9,9,8,9,9,9,比較評価型で準1級らしい思考負荷
準1級,6,1,説明,"In a conversation about public health campaign, the speakers compare two options, weighing cost, impact, and timing. They reject the first idea after noting a hidden drawback and settle on a feasible alternative.",Why do they choose the second option?,Because it requires no coordination at all.,Because it is the fastest idea regardless of risk.,Because it is popular on social media.,Because it balances effectiveness with realistic constraints.,D,Public health campaignに関する会話で、話者は費用・影響・時期の観点から2案を比較します。隠れた欠点が見つかり、実行可能な代替案を選びます。,彼らが2つ目の案を選ぶ理由は何ですか。,調整が一切不要だから。,リスクに関係なく最も速いアイデアだから。,SNSで人気があるから。,効果と現実的な制約のバランスが取れているから。,"正答は、費用・影響・時期の3要素を比較した結論と一致。誤答は speed/popularity/no coordination など本文で否定または言及なし。キーワードは drawback, feasible, balance。ひっかけは『速い＝良い』の短絡。準1級は複数条件の統合判断が難所。メモは比較軸ごとに取るとよい。",9,9,9,9,8,9,9,9,比較評価型で準1級らしい思考負荷
準1級,7,1,アナウンス,"In a conversation about museum audio guide, the speakers compare two options, weighing cost, impact, and timing. They reject the first idea after noting a hidden drawback and settle on a feasible alternative.",Why do they choose the second option?,Because it balances effectiveness with realistic constraints.,Because it is the fastest idea regardless of risk.,Because it requires no coordination at all.,Because it is popular on social media.,A,Museum audio guideに関する会話で、話者は費用・影響・時期の観点から2案を比較します。隠れた欠点が見つかり、実行可能な代替案を選びます。,彼らが2つ目の案を選ぶ理由は何ですか。,効果と現実的な制約のバランスが取れているから。,リスクに関係なく最も速いアイデアだから。,調整が一切不要だから。,SNSで人気があるから。,"正答は、費用・影響・時期の3要素を比較した結論と一致。誤答は speed/popularity/no coordination など本文で否定または言及なし。キーワードは drawback, feasible, balance。ひっかけは『速い＝良い』の短絡。準1級は複数条件の統合判断が難所。メモは比較軸ごとに取るとよい。",9,9,9,9,8,9,9,9,比較評価型で準1級らしい思考負荷
準1級,8,1,対話,"In a conversation about career counseling, the speakers compare two options, weighing cost, impact, and timing. They reject the first idea after noting a hidden drawback and settle on a feasible alternative.",Why do they choose the second option?,Because it balances effectiveness with realistic constraints.,Because it is the fastest idea regardless of risk.,Because it is popular on social media.,Because it requires no coordination at all.,A,Career counselingに関する会話で、話者は費用・影響・時期の観点から2案を比較します。隠れた欠点が見つかり、実行可能な代替案を選びます。,彼らが2つ目の案を選ぶ理由は何ですか。,効果と現実的な制約のバランスが取れているから。,リスクに関係なく最も速いアイデアだから。,SNSで人気があるから。,調整が一切不要だから。,"正答は、費用・影響・時期の3要素を比較した結論と一致。誤答は speed/popularity/no coordination など本文で否定または言及なし。キーワードは drawback, feasible, balance。ひっかけは『速い＝良い』の短絡。準1級は複数条件の統合判断が難所。メモは比較軸ごとに取るとよい。",9,9,9,9,8,9,9,9,比較評価型で準1級らしい思考負荷
準1級,9,1,対話,"In a conversation about energy-saving apartment, the speakers compare two options, weighing cost, impact, and timing. They reject the first idea after noting a hidden drawback and settle on a feasible alternative.",Why do they choose the second option?,Because it is popular on social media.,Because it is the fastest idea regardless of risk.,Because it requires no coordination at all.,Because it balances effectiveness with realistic constraints.,D,Energy-saving apartmentに関する会話で、話者は費用・影響・時期の観点から2案を比較します。隠れた欠点が見つかり、実行可能な代替案を選びます。,彼らが2つ目の案を選ぶ理由は何ですか。,SNSで人気があるから。,リスクに関係なく最も速いアイデアだから。,調整が一切不要だから。,効果と現実的な制約のバランスが取れているから。,"正答は、費用・影響・時期の3要素を比較した結論と一致。誤答は speed/popularity/no coordination など本文で否定または言及なし。キーワードは drawback, feasible, balance。ひっかけは『速い＝良い』の短絡。準1級は複数条件の統合判断が難所。メモは比較軸ごとに取るとよい。",9,9,9,9,8,9,9,9,比較評価型で準1級らしい思考負荷
準1級,10,1,説明,"In a conversation about local farming project, the speakers compare two options, weighing cost, impact, and timing. They reject the first idea after noting a hidden drawback and settle on a feasible alternative.",Why do they choose the second option?,Because it is the fastest idea regardless of risk.,Because it balances effectiveness with realistic constraints.,Because it is popular on social media.,Because it requires no coordination at all.,B,Local farming projectに関する会話で、話者は費用・影響・時期の観点から2案を比較します。隠れた欠点が見つかり、実行可能な代替案を選びます。,彼らが2つ目の案を選ぶ理由は何ですか。,リスクに関係なく最も速いアイデアだから。,効果と現実的な制約のバランスが取れているから。,SNSで人気があるから。,調整が一切不要だから。,"正答は、費用・影響・時期の3要素を比較した結論と一致。誤答は speed/popularity/no coordination など本文で否定または言及なし。キーワードは drawback, feasible, balance。ひっかけは『速い＝良い』の短絡。準1級は複数条件の統合判断が難所。メモは比較軸ごとに取るとよい。",9,9,9,9,8,9,9,9,比較評価型で準1級らしい思考負荷
準1級,11,1,対話,"In a conversation about international conference, the speakers compare two options, weighing cost, impact, and timing. They reject the first idea after noting a hidden drawback and settle on a feasible alternative.",Why do they choose the second option?,Because it requires no coordination at all.,Because it is the fastest idea regardless of risk.,Because it is popular on social media.,Because it balances effectiveness with realistic constraints.,D,International conferenceに関する会話で、話者は費用・影響・時期の観点から2案を比較します。隠れた欠点が見つかり、実行可能な代替案を選びます。,彼らが2つ目の案を選ぶ理由は何ですか。,調整が一切不要だから。,リスクに関係なく最も速いアイデアだから。,SNSで人気があるから。,効果と現実的な制約のバランスが取れているから。,"正答は、費用・影響・時期の3要素を比較した結論と一致。誤答は speed/popularity/no coordination など本文で否定または言及なし。キーワードは drawback, feasible, balance。ひっかけは『速い＝良い』の短絡。準1級は複数条件の統合判断が難所。メモは比較軸ごとに取るとよい。",9,9,9,9,8,9,9,9,比較評価型で準1級らしい思考負荷
準1級,12,1,対話,"In a conversation about data privacy concern, the speakers compare two options, weighing cost, impact, and timing. They reject the first idea after noting a hidden drawback and settle on a feasible alternative.",Why do they choose the second option?,Because it balances effectiveness with realistic constraints.,Because it is popular on social media.,Because it is the fastest idea regardless of risk.,Because it requires no coordination at all.,A,Data privacy concernに関する会話で、話者は費用・影響・時期の観点から2案を比較します。隠れた欠点が見つかり、実行可能な代替案を選びます。,彼らが2つ目の案を選ぶ理由は何ですか。,効果と現実的な制約のバランスが取れているから。,SNSで人気があるから。,リスクに関係なく最も速いアイデアだから。,調整が一切不要だから。,"正答は、費用・影響・時期の3要素を比較した結論と一致。誤答は speed/popularity/no coordination など本文で否定または言及なし。キーワードは drawback, feasible, balance。ひっかけは『速い＝良い』の短絡。準1級は複数条件の統合判断が難所。メモは比較軸ごとに取るとよい。",9,9,9,9,8,9,9,9,比較評価型で準1級らしい思考負荷
準1級,13,1,講義,"In a conversation about book review program, the speakers compare two options, weighing cost, impact, and timing. They reject the first idea after noting a hidden drawback and settle on a feasible alternative.",Why do they choose the second option?,Because it requires no coordination at all.,Because it is the fastest idea regardless of risk.,Because it balances effectiveness with realistic constraints.,Because it is popular on social media.,C,Book review programに関する会話で、話者は費用・影響・時期の観点から2案を比較します。隠れた欠点が見つかり、実行可能な代替案を選びます。,彼らが2つ目の案を選ぶ理由は何ですか。,調整が一切不要だから。,リスクに関係なく最も速いアイデアだから。,効果と現実的な制約のバランスが取れているから。,SNSで人気があるから。,"正答は、費用・影響・時期の3要素を比較した結論と一致。誤答は speed/popularity/no coordination など本文で否定または言及なし。キーワードは drawback, feasible, balance。ひっかけは『速い＝良い』の短絡。準1級は複数条件の統合判断が難所。メモは比較軸ごとに取るとよい。",9,9,9,9,8,9,9,9,比較評価型で準1級らしい思考負荷
準1級,14,1,対話,"In a conversation about new commuting route, the speakers compare two options, weighing cost, impact, and timing. They reject the first idea after noting a hidden drawback and settle on a feasible alternative.",Why do they choose the second option?,Because it is the fastest idea regardless of risk.,Because it requires no coordination at all.,Because it balances effectiveness with realistic constraints.,Because it is popular on social media.,C,New commuting routeに関する会話で、話者は費用・影響・時期の観点から2案を比較します。隠れた欠点が見つかり、実行可能な代替案を選びます。,彼らが2つ目の案を選ぶ理由は何ですか。,リスクに関係なく最も速いアイデアだから。,調整が一切不要だから。,効果と現実的な制約のバランスが取れているから。,SNSで人気があるから。,"正答は、費用・影響・時期の3要素を比較した結論と一致。誤答は speed/popularity/no coordination など本文で否定または言及なし。キーワードは drawback, feasible, balance。ひっかけは『速い＝良い』の短絡。準1級は複数条件の統合判断が難所。メモは比較軸ごとに取るとよい。",9,9,9,9,8,9,9,9,比較評価型で準1級らしい思考負荷
準1級,15,1,対話,"In a conversation about team conflict, the speakers compare two options, weighing cost, impact, and timing. They reject the first idea after noting a hidden drawback and settle on a feasible alternative.",Why do they choose the second option?,Because it is the fastest idea regardless of risk.,Because it is popular on social media.,Because it balances effectiveness with realistic constraints.,Because it requires no coordination at all.,C,Team conflictに関する会話で、話者は費用・影響・時期の観点から2案を比較します。隠れた欠点が見つかり、実行可能な代替案を選びます。,彼らが2つ目の案を選ぶ理由は何ですか。,リスクに関係なく最も速いアイデアだから。,SNSで人気があるから。,効果と現実的な制約のバランスが取れているから。,調整が一切不要だから。,"正答は、費用・影響・時期の3要素を比較した結論と一致。誤答は speed/popularity/no coordination など本文で否定または言及なし。キーワードは drawback, feasible, balance。ひっかけは『速い＝良い』の短絡。準1級は複数条件の統合判断が難所。メモは比較軸ごとに取るとよい。",9,9,9,9,8,9,9,9,比較評価型で準1級らしい思考負荷
準1級,16,1,アナウンス,"In a conversation about product recall notice, the speakers compare two options, weighing cost, impact, and timing. They reject the first idea after noting a hidden drawback and settle on a feasible alternative.",Why do they choose the second option?,Because it is the fastest idea regardless of risk.,Because it requires no coordination at all.,Because it balances effectiveness with realistic constraints.,Because it is popular on social media.,C,Product recall noticeに関する会話で、話者は費用・影響・時期の観点から2案を比較します。隠れた欠点が見つかり、実行可能な代替案を選びます。,彼らが2つ目の案を選ぶ理由は何ですか。,リスクに関係なく最も速いアイデアだから。,調整が一切不要だから。,効果と現実的な制約のバランスが取れているから。,SNSで人気があるから。,"正答は、費用・影響・時期の3要素を比較した結論と一致。誤答は speed/popularity/no coordination など本文で否定または言及なし。キーワードは drawback, feasible, balance。ひっかけは『速い＝良い』の短絡。準1級は複数条件の統合判断が難所。メモは比較軸ごとに取るとよい。",9,9,9,9,8,9,9,9,比較評価型で準1級らしい思考負荷
準1級,17,1,対話,"In a conversation about volunteer leadership, the speakers compare two options, weighing cost, impact, and timing. They reject the first idea after noting a hidden drawback and settle on a feasible alternative.",Why do they choose the second option?,Because it balances effectiveness with realistic constraints.,Because it is popular on social media.,Because it is the fastest idea regardless of risk.,Because it requires no coordination at all.,A,Volunteer leadershipに関する会話で、話者は費用・影響・時期の観点から2案を比較します。隠れた欠点が見つかり、実行可能な代替案を選びます。,彼らが2つ目の案を選ぶ理由は何ですか。,効果と現実的な制約のバランスが取れているから。,SNSで人気があるから。,リスクに関係なく最も速いアイデアだから。,調整が一切不要だから。,"正答は、費用・影響・時期の3要素を比較した結論と一致。誤答は speed/popularity/no coordination など本文で否定または言及なし。キーワードは drawback, feasible, balance。ひっかけは『速い＝良い』の短絡。準1級は複数条件の統合判断が難所。メモは比較軸ごとに取るとよい。",9,9,9,9,8,9,9,9,比較評価型で準1級らしい思考負荷
準1級,18,1,対話,"In a conversation about scholarship interview, the speakers compare two options, weighing cost, impact, and timing. They reject the first idea after noting a hidden drawback and settle on a feasible alternative.",Why do they choose the second option?,Because it is popular on social media.,Because it is the fastest idea regardless of risk.,Because it requires no coordination at all.,Because it balances effectiveness with realistic constraints.,D,Scholarship interviewに関する会話で、話者は費用・影響・時期の観点から2案を比較します。隠れた欠点が見つかり、実行可能な代替案を選びます。,彼らが2つ目の案を選ぶ理由は何ですか。,SNSで人気があるから。,リスクに関係なく最も速いアイデアだから。,調整が一切不要だから。,効果と現実的な制約のバランスが取れているから。,"正答は、費用・影響・時期の3要素を比較した結論と一致。誤答は speed/popularity/no coordination など本文で否定または言及なし。キーワードは drawback, feasible, balance。ひっかけは『速い＝良い』の短絡。準1級は複数条件の統合判断が難所。メモは比較軸ごとに取るとよい。",9,9,9,9,8,9,9,9,比較評価型で準1級らしい思考負荷
準1級,19,1,説明,"In a conversation about water shortage response, the speakers compare two options, weighing cost, impact, and timing. They reject the first idea after noting a hidden drawback and settle on a feasible alternative.",Why do they choose the second option?,Because it balances effectiveness with realistic constraints.,Because it is the fastest idea regardless of risk.,Because it is popular on social media.,Because it requires no coordination at all.,A,Water shortage responseに関する会話で、話者は費用・影響・時期の観点から2案を比較します。隠れた欠点が見つかり、実行可能な代替案を選びます。,彼らが2つ目の案を選ぶ理由は何ですか。,効果と現実的な制約のバランスが取れているから。,リスクに関係なく最も速いアイデアだから。,SNSで人気があるから。,調整が一切不要だから。,"正答は、費用・影響・時期の3要素を比較した結論と一致。誤答は speed/popularity/no coordination など本文で否定または言及なし。キーワードは drawback, feasible, balance。ひっかけは『速い＝良い』の短絡。準1級は複数条件の統合判断が難所。メモは比較軸ごとに取るとよい。",9,9,9,9,8,9,9,9,比較評価型で準1級らしい思考負荷
準1級,20,1,講義,"In a conversation about language learning method, the speakers compare two options, weighing cost, impact, and timing. They reject the first idea after noting a hidden drawback and settle on a feasible alternative.",Why do they choose the second option?,Because it balances effectiveness with realistic constraints.,Because it is popular on social media.,Because it requires no coordination at all.,Because it is the fastest idea regardless of risk.,A,Language learning methodに関する会話で、話者は費用・影響・時期の観点から2案を比較します。隠れた欠点が見つかり、実行可能な代替案を選びます。,彼らが2つ目の案を選ぶ理由は何ですか。,効果と現実的な制約のバランスが取れているから。,SNSで人気があるから。,調整が一切不要だから。,リスクに関係なく最も速いアイデアだから。,"正答は、費用・影響・時期の3要素を比較した結論と一致。誤答は speed/popularity/no coordination など本文で否定または言及なし。キーワードは drawback, feasible, balance。ひっかけは『速い＝良い』の短絡。準1級は複数条件の統合判断が難所。メモは比較軸ごとに取るとよい。",9,9,9,9,8,9,9,9,比較評価型で準1級らしい思考負荷
1級,1,1,講義,"A specialist discusses behavioral economics finding, presenting a claim, counterevidence, and a qualified conclusion. The speaker warns against binary thinking and emphasizes second-order effects over short-term gains.",What is the speaker's main message?,Policies should be judged by long-term systemic consequences.,Public opinion alone should determine expert policy.,Quick gains always justify policy choices.,Complex issues can be solved with one universal rule.,A,専門家がBehavioral economics findingを論じ、主張・反証・限定的結論を示します。短期利益より二次的影響を重視し、二者択一思考を戒めます。,話者の主メッセージは何ですか。,政策は長期的・体系的な結果で判断すべきである。,世論だけが専門家の政策を決定すべきである。,短期的な利益は常に政策の選択を正当化する。,複雑な問題は一つの普遍的なルールで解決できる。,"正答は、主張→反証→限定的結論の流れで一貫する中心命題。誤答は二項対立・単一基準・短期志向という本文で戒める立場。キーワードは counterevidence, qualified conclusion, second-order effects。ひっかけは強い断定表現。1級は抽象概念と論証構造の追跡が核心。接続語を軸に論理地図を作る。",10,9,9,9,9,9,10,9,論証追跡力を測る1級水準
1級,2,1,講義,"A specialist discusses urban resilience strategy, presenting a claim, counterevidence, and a qualified conclusion. The speaker warns against binary thinking and emphasizes second-order effects over short-term gains.",What is the speaker's main message?,Complex issues can be solved with one universal rule.,Public opinion alone should determine expert policy.,Policies should be judged by long-term systemic consequences.,Quick gains always justify policy choices.,C,専門家がUrban resilience strategyを論じ、主張・反証・限定的結論を示します。短期利益より二次的影響を重視し、二者択一思考を戒めます。,話者の主メッセージは何ですか。,複雑な問題は一つの普遍的なルールで解決できる。,世論だけが専門家の政策を決定すべきである。,政策は長期的・体系的な結果で判断すべきである。,短期的な利益は常に政策の選択を正当化する。,"正答は、主張→反証→限定的結論の流れで一貫する中心命題。誤答は二項対立・単一基準・短期志向という本文で戒める立場。キーワードは counterevidence, qualified conclusion, second-order effects。ひっかけは強い断定表現。1級は抽象概念と論証構造の追跡が核心。接続語を軸に論理地図を作る。",10,9,9,9,9,9,10,9,論証追跡力を測る1級水準
1級,3,1,討論,"A specialist discusses bioethics committee debate, presenting a claim, counterevidence, and a qualified conclusion. The speaker warns against binary thinking and emphasizes second-order effects over short-term gains.",What is the speaker's main message?,Complex issues can be solved with one universal rule.,Public opinion alone should determine expert policy.,Policies should be judged by long-term systemic consequences.,Quick gains always justify policy choices.,C,専門家がBioethics committee debateを論じ、主張・反証・限定的結論を示します。短期利益より二次的影響を重視し、二者択一思考を戒めます。,話者の主メッセージは何ですか。,複雑な問題は一つの普遍的なルールで解決できる。,世論だけが専門家の政策を決定すべきである。,政策は長期的・体系的な結果で判断すべきである。,短期的な利益は常に政策の選択を正当化する。,"正答は、主張→反証→限定的結論の流れで一貫する中心命題。誤答は二項対立・単一基準・短期志向という本文で戒める立場。キーワードは counterevidence, qualified conclusion, second-order effects。ひっかけは強い断定表現。1級は抽象概念と論証構造の追跡が核心。接続語を軸に論理地図を作る。",10,9,9,9,9,9,10,9,論証追跡力を測る1級水準
1級,4,1,説明,"A specialist discusses geopolitical risk briefing, presenting a claim, counterevidence, and a qualified conclusion. The speaker warns against binary thinking and emphasizes second-order effects over short-term gains.",What is the speaker's main message?,Public opinion alone should determine expert policy.,Complex issues can be solved with one universal rule.,Policies should be judged by long-term systemic consequences.,Quick gains always justify policy choices.,C,専門家がGeopolitical risk briefingを論じ、主張・反証・限定的結論を示します。短期利益より二次的影響を重視し、二者択一思考を戒めます。,話者の主メッセージは何ですか。,世論だけが専門家の政策を決定すべきである。,複雑な問題は一つの普遍的なルールで解決できる。,政策は長期的・体系的な結果で判断すべきである。,短期的な利益は常に政策の選択を正当化する。,"正答は、主張→反証→限定的結論の流れで一貫する中心命題。誤答は二項対立・単一基準・短期志向という本文で戒める立場。キーワードは counterevidence, qualified conclusion, second-order effects。ひっかけは強い断定表現。1級は抽象概念と論証構造の追跡が核心。接続語を軸に論理地図を作る。",10,9,9,9,9,9,10,9,論証追跡力を測る1級水準
1級,5,1,講義,"A specialist discusses ai governance framework, presenting a claim, counterevidence, and a qualified conclusion. The speaker warns against binary thinking and emphasizes second-order effects over short-term gains.",What is the speaker's main message?,Policies should be judged by long-term systemic consequences.,Public opinion alone should determine expert policy.,Complex issues can be solved with one universal rule.,Quick gains always justify policy choices.,A,専門家がAI governance frameworkを論じ、主張・反証・限定的結論を示します。短期利益より二次的影響を重視し、二者択一思考を戒めます。,話者の主メッセージは何ですか。,政策は長期的・体系的な結果で判断すべきである。,世論だけが専門家の政策を決定すべきである。,複雑な問題は一つの普遍的なルールで解決できる。,短期的な利益は常に政策の選択を正当化する。,"正答は、主張→反証→限定的結論の流れで一貫する中心命題。誤答は二項対立・単一基準・短期志向という本文で戒める立場。キーワードは counterevidence, qualified conclusion, second-order effects。ひっかけは強い断定表現。1級は抽象概念と論証構造の追跡が核心。接続語を軸に論理地図を作る。",10,9,9,9,9,9,10,9,論証追跡力を測る1級水準
1級,6,1,討論,"A specialist discusses demographic policy trade-off, presenting a claim, counterevidence, and a qualified conclusion. The speaker warns against binary thinking and emphasizes second-order effects over short-term gains.",What is the speaker's main message?,Public opinion alone should determine expert policy.,Quick gains always justify policy choices.,Complex issues can be solved with one universal rule.,Policies should be judged by long-term systemic consequences.,D,専門家がDemographic policy trade-offを論じ、主張・反証・限定的結論を示します。短期利益より二次的影響を重視し、二者択一思考を戒めます。,話者の主メッセージは何ですか。,世論だけが専門家の政策を決定すべきである。,短期的な利益は常に政策の選択を正当化する。,複雑な問題は一つの普遍的なルールで解決できる。,政策は長期的・体系的な結果で判断すべきである。,"正答は、主張→反証→限定的結論の流れで一貫する中心命題。誤答は二項対立・単一基準・短期志向という本文で戒める立場。キーワードは counterevidence, qualified conclusion, second-order effects。ひっかけは強い断定表現。1級は抽象概念と論証構造の追跡が核心。接続語を軸に論理地図を作る。",10,9,9,9,9,9,10,9,論証追跡力を測る1級水準
1級,7,1,講義,"A specialist discusses marine conservation finance, presenting a claim, counterevidence, and a qualified conclusion. The speaker warns against binary thinking and emphasizes second-order effects over short-term gains.",What is the speaker's main message?,Policies should be judged by long-term systemic consequences.,Quick gains always justify policy choices.,Complex issues can be solved with one universal rule.,Public opinion alone should determine expert policy.,A,専門家がMarine conservation financeを論じ、主張・反証・限定的結論を示します。短期利益より二次的影響を重視し、二者択一思考を戒めます。,話者の主メッセージは何ですか。,政策は長期的・体系的な結果で判断すべきである。,短期的な利益は常に政策の選択を正当化する。,複雑な問題は一つの普遍的なルールで解決できる。,世論だけが専門家の政策を決定すべきである。,"正答は、主張→反証→限定的結論の流れで一貫する中心命題。誤答は二項対立・単一基準・短期志向という本文で戒める立場。キーワードは counterevidence, qualified conclusion, second-order effects。ひっかけは強い断定表現。1級は抽象概念と論証構造の追跡が核心。接続語を軸に論理地図を作る。",10,9,9,9,9,9,10,9,論証追跡力を測る1級水準
1級,8,1,講義,"A specialist discusses media literacy and algorithms, presenting a claim, counterevidence, and a qualified conclusion. The speaker warns against binary thinking and emphasizes second-order effects over short-term gains.",What is the speaker's main message?,Complex issues can be solved with one universal rule.,Policies should be judged by long-term systemic consequences.,Public opinion alone should determine expert policy.,Quick gains always justify policy choices.,B,専門家がMedia literacy and algorithmsを論じ、主張・反証・限定的結論を示します。短期利益より二次的影響を重視し、二者択一思考を戒めます。,話者の主メッセージは何ですか。,複雑な問題は一つの普遍的なルールで解決できる。,政策は長期的・体系的な結果で判断すべきである。,世論だけが専門家の政策を決定すべきである。,短期的な利益は常に政策の選択を正当化する。,"正答は、主張→反証→限定的結論の流れで一貫する中心命題。誤答は二項対立・単一基準・短期志向という本文で戒める立場。キーワードは counterevidence, qualified conclusion, second-order effects。ひっかけは強い断定表現。1級は抽象概念と論証構造の追跡が核心。接続語を軸に論理地図を作る。",10,9,9,9,9,9,10,9,論証追跡力を測る1級水準
1級,9,1,討論,"A specialist discusses judicial reform argument, presenting a claim, counterevidence, and a qualified conclusion. The speaker warns against binary thinking and emphasizes second-order effects over short-term gains.",What is the speaker's main message?,Policies should be judged by long-term systemic consequences.,Quick gains always justify policy choices.,Public opinion alone should determine expert policy.,Complex issues can be solved with one universal rule.,A,専門家がJudicial reform argumentを論じ、主張・反証・限定的結論を示します。短期利益より二次的影響を重視し、二者択一思考を戒めます。,話者の主メッセージは何ですか。,政策は長期的・体系的な結果で判断すべきである。,短期的な利益は常に政策の選択を正当化する。,世論だけが専門家の政策を決定すべきである。,複雑な問題は一つの普遍的なルールで解決できる。,"正答は、主張→反証→限定的結論の流れで一貫する中心命題。誤答は二項対立・単一基準・短期志向という本文で戒める立場。キーワードは counterevidence, qualified conclusion, second-order effects。ひっかけは強い断定表現。1級は抽象概念と論証構造の追跡が核心。接続語を軸に論理地図を作る。",10,9,9,9,9,9,10,9,論証追跡力を測る1級水準
1級,10,1,説明,"A specialist discusses corporate whistleblowing case, presenting a claim, counterevidence, and a qualified conclusion. The speaker warns against binary thinking and emphasizes second-order effects over short-term gains.",What is the speaker's main message?,Policies should be judged by long-term systemic consequences.,Public opinion alone should determine expert policy.,Quick gains always justify policy choices.,Complex issues can be solved with one universal rule.,A,専門家がCorporate whistleblowing caseを論じ、主張・反証・限定的結論を示します。短期利益より二次的影響を重視し、二者択一思考を戒めます。,話者の主メッセージは何ですか。,政策は長期的・体系的な結果で判断すべきである。,世論だけが専門家の政策を決定すべきである。,短期的な利益は常に政策の選択を正当化する。,複雑な問題は一つの普遍的なルールで解決できる。,"正答は、主張→反証→限定的結論の流れで一貫する中心命題。誤答は二項対立・単一基準・短期志向という本文で戒める立場。キーワードは counterevidence, qualified conclusion, second-order effects。ひっかけは強い断定表現。1級は抽象概念と論証構造の追跡が核心。接続語を軸に論理地図を作る。",10,9,9,9,9,9,10,9,論証追跡力を測る1級水準
1級,11,1,講義,"A specialist discusses archaeology interpretation shift, presenting a claim, counterevidence, and a qualified conclusion. The speaker warns against binary thinking and emphasizes second-order effects over short-term gains.",What is the speaker's main message?,Complex issues can be solved with one universal rule.,Public opinion alone should determine expert policy.,Quick gains always justify policy choices.,Policies should be judged by long-term systemic consequences.,D,専門家がArchaeology interpretation shiftを論じ、主張・反証・限定的結論を示します。短期利益より二次的影響を重視し、二者択一思考を戒めます。,話者の主メッセージは何ですか。,複雑な問題は一つの普遍的なルールで解決できる。,世論だけが専門家の政策を決定すべきである。,短期的な利益は常に政策の選択を正当化する。,政策は長期的・体系的な結果で判断すべきである。,"正答は、主張→反証→限定的結論の流れで一貫する中心命題。誤答は二項対立・単一基準・短期志向という本文で戒める立場。キーワードは counterevidence, qualified conclusion, second-order effects。ひっかけは強い断定表現。1級は抽象概念と論証構造の追跡が核心。接続語を軸に論理地図を作る。",10,9,9,9,9,9,10,9,論証追跡力を測る1級水準
1級,12,1,説明,"A specialist discusses food security scenario, presenting a claim, counterevidence, and a qualified conclusion. The speaker warns against binary thinking and emphasizes second-order effects over short-term gains.",What is the speaker's main message?,Quick gains always justify policy choices.,Public opinion alone should determine expert policy.,Complex issues can be solved with one universal rule.,Policies should be judged by long-term systemic consequences.,D,専門家がFood security scenarioを論じ、主張・反証・限定的結論を示します。短期利益より二次的影響を重視し、二者択一思考を戒めます。,話者の主メッセージは何ですか。,短期的な利益は常に政策の選択を正当化する。,世論だけが専門家の政策を決定すべきである。,複雑な問題は一つの普遍的なルールで解決できる。,政策は長期的・体系的な結果で判断すべきである。,"正答は、主張→反証→限定的結論の流れで一貫する中心命題。誤答は二項対立・単一基準・短期志向という本文で戒める立場。キーワードは counterevidence, qualified conclusion, second-order effects。ひっかけは強い断定表現。1級は抽象概念と論証構造の追跡が核心。接続語を軸に論理地図を作る。",10,9,9,9,9,9,10,9,論証追跡力を測る1級水準
1級,13,1,討論,"A specialist discusses public transit pricing, presenting a claim, counterevidence, and a qualified conclusion. The speaker warns against binary thinking and emphasizes second-order effects over short-term gains.",What is the speaker's main message?,Public opinion alone should determine expert policy.,Policies should be judged by long-term systemic consequences.,Complex issues can be solved with one universal rule.,Quick gains always justify policy choices.,B,専門家がPublic transit pricingを論じ、主張・反証・限定的結論を示します。短期利益より二次的影響を重視し、二者択一思考を戒めます。,話者の主メッセージは何ですか。,世論だけが専門家の政策を決定すべきである。,政策は長期的・体系的な結果で判断すべきである。,複雑な問題は一つの普遍的なルールで解決できる。,短期的な利益は常に政策の選択を正当化する。,"正答は、主張→反証→限定的結論の流れで一貫する中心命題。誤答は二項対立・単一基準・短期志向という本文で戒める立場。キーワードは counterevidence, qualified conclusion, second-order effects。ひっかけは強い断定表現。1級は抽象概念と論証構造の追跡が核心。接続語を軸に論理地図を作る。",10,9,9,9,9,9,10,9,論証追跡力を測る1級水準
1級,14,1,講義,"A specialist discusses scientific replication crisis, presenting a claim, counterevidence, and a qualified conclusion. The speaker warns against binary thinking and emphasizes second-order effects over short-term gains.",What is the speaker's main message?,Public opinion alone should determine expert policy.,Complex issues can be solved with one universal rule.,Quick gains always justify policy choices.,Policies should be judged by long-term systemic consequences.,D,専門家がScientific replication crisisを論じ、主張・反証・限定的結論を示します。短期利益より二次的影響を重視し、二者択一思考を戒めます。,話者の主メッセージは何ですか。,世論だけが専門家の政策を決定すべきである。,複雑な問題は一つの普遍的なルールで解決できる。,短期的な利益は常に政策の選択を正当化する。,政策は長期的・体系的な結果で判断すべきである。,"正答は、主張→反証→限定的結論の流れで一貫する中心命題。誤答は二項対立・単一基準・短期志向という本文で戒める立場。キーワードは counterevidence, qualified conclusion, second-order effects。ひっかけは強い断定表現。1級は抽象概念と論証構造の追跡が核心。接続語を軸に論理地図を作る。",10,9,9,9,9,9,10,9,論証追跡力を測る1級水準
1級,15,1,説明,"A specialist discusses conflict mediation protocol, presenting a claim, counterevidence, and a qualified conclusion. The speaker warns against binary thinking and emphasizes second-order effects over short-term gains.",What is the speaker's main message?,Quick gains always justify policy choices.,Public opinion alone should determine expert policy.,Complex issues can be solved with one universal rule.,Policies should be judged by long-term systemic consequences.,D,専門家がConflict mediation protocolを論じ、主張・反証・限定的結論を示します。短期利益より二次的影響を重視し、二者択一思考を戒めます。,話者の主メッセージは何ですか。,短期的な利益は常に政策の選択を正当化する。,世論だけが専門家の政策を決定すべきである。,複雑な問題は一つの普遍的なルールで解決できる。,政策は長期的・体系的な結果で判断すべきである。,"正答は、主張→反証→限定的結論の流れで一貫する中心命題。誤答は二項対立・単一基準・短期志向という本文で戒める立場。キーワードは counterevidence, qualified conclusion, second-order effects。ひっかけは強い断定表現。1級は抽象概念と論証構造の追跡が核心。接続語を軸に論理地図を作る。",10,9,9,9,9,9,10,9,論証追跡力を測る1級水準
1級,16,1,討論,"A specialist discusses pension sustainability, presenting a claim, counterevidence, and a qualified conclusion. The speaker warns against binary thinking and emphasizes second-order effects over short-term gains.",What is the speaker's main message?,Public opinion alone should determine expert policy.,Complex issues can be solved with one universal rule.,Quick gains always justify policy choices.,Policies should be judged by long-term systemic consequences.,D,専門家がPension sustainabilityを論じ、主張・反証・限定的結論を示します。短期利益より二次的影響を重視し、二者択一思考を戒めます。,話者の主メッセージは何ですか。,世論だけが専門家の政策を決定すべきである。,複雑な問題は一つの普遍的なルールで解決できる。,短期的な利益は常に政策の選択を正当化する。,政策は長期的・体系的な結果で判断すべきである。,"正答は、主張→反証→限定的結論の流れで一貫する中心命題。誤答は二項対立・単一基準・短期志向という本文で戒める立場。キーワードは counterevidence, qualified conclusion, second-order effects。ひっかけは強い断定表現。1級は抽象概念と論証構造の追跡が核心。接続語を軸に論理地図を作る。",10,9,9,9,9,9,10,9,論証追跡力を測る1級水準
1級,17,1,討論,"A specialist discusses cultural heritage restitution, presenting a claim, counterevidence, and a qualified conclusion. The speaker warns against binary thinking and emphasizes second-order effects over short-term gains.",What is the speaker's main message?,Public opinion alone should determine expert policy.,Quick gains always justify policy choices.,Complex issues can be solved with one universal rule.,Policies should be judged by long-term systemic consequences.,D,専門家がCultural heritage restitutionを論じ、主張・反証・限定的結論を示します。短期利益より二次的影響を重視し、二者択一思考を戒めます。,話者の主メッセージは何ですか。,世論だけが専門家の政策を決定すべきである。,短期的な利益は常に政策の選択を正当化する。,複雑な問題は一つの普遍的なルールで解決できる。,政策は長期的・体系的な結果で判断すべきである。,"正答は、主張→反証→限定的結論の流れで一貫する中心命題。誤答は二項対立・単一基準・短期志向という本文で戒める立場。キーワードは counterevidence, qualified conclusion, second-order effects。ひっかけは強い断定表現。1級は抽象概念と論証構造の追跡が核心。接続語を軸に論理地図を作る。",10,9,9,9,9,9,10,9,論証追跡力を測る1級水準
1級,18,1,講義,"A specialist discusses space industry regulation, presenting a claim, counterevidence, and a qualified conclusion. The speaker warns against binary thinking and emphasizes second-order effects over short-term gains.",What is the speaker's main message?,Policies should be judged by long-term systemic consequences.,Complex issues can be solved with one universal rule.,Public opinion alone should determine expert policy.,Quick gains always justify policy choices.,A,専門家がSpace industry regulationを論じ、主張・反証・限定的結論を示します。短期利益より二次的影響を重視し、二者択一思考を戒めます。,話者の主メッセージは何ですか。,政策は長期的・体系的な結果で判断すべきである。,複雑な問題は一つの普遍的なルールで解決できる。,世論だけが専門家の政策を決定すべきである。,短期的な利益は常に政策の選択を正当化する。,"正答は、主張→反証→限定的結論の流れで一貫する中心命題。誤答は二項対立・単一基準・短期志向という本文で戒める立場。キーワードは counterevidence, qualified conclusion, second-order effects。ひっかけは強い断定表現。1級は抽象概念と論証構造の追跡が核心。接続語を軸に論理地図を作る。",10,9,9,9,9,9,10,9,論証追跡力を測る1級水準
1級,19,1,説明,"A specialist discusses carbon border adjustment, presenting a claim, counterevidence, and a qualified conclusion. The speaker warns against binary thinking and emphasizes second-order effects over short-term gains.",What is the speaker's main message?,Policies should be judged by long-term systemic consequences.,Quick gains always justify policy choices.,Complex issues can be solved with one universal rule.,Public opinion alone should determine expert policy.,A,専門家がCarbon border adjustmentを論じ、主張・反証・限定的結論を示します。短期利益より二次的影響を重視し、二者択一思考を戒めます。,話者の主メッセージは何ですか。,政策は長期的・体系的な結果で判断すべきである。,短期的な利益は常に政策の選択を正当化する。,複雑な問題は一つの普遍的なルールで解決できる。,世論だけが専門家の政策を決定すべきである。,"正答は、主張→反証→限定的結論の流れで一貫する中心命題。誤答は二項対立・単一基準・短期志向という本文で戒める立場。キーワードは counterevidence, qualified conclusion, second-order effects。ひっかけは強い断定表現。1級は抽象概念と論証構造の追跡が核心。接続語を軸に論理地図を作る。",10,9,9,9,9,9,10,9,論証追跡力を測る1級水準
1級,20,1,講義,"A specialist discusses long-term innovation policy, presenting a claim, counterevidence, and a qualified conclusion. The speaker warns against binary thinking and emphasizes second-order effects over short-term gains.",What is the speaker's main message?,Quick gains always justify policy choices.,Public opinion alone should determine expert policy.,Policies should be judged by long-term systemic consequences.,Complex issues can be solved with one universal rule.,C,専門家がLong-term innovation policyを論じ、主張・反証・限定的結論を示します。短期利益より二次的影響を重視し、二者択一思考を戒めます。,話者の主メッセージは何ですか。,短期的な利益は常に政策の選択を正当化する。,世論だけが専門家の政策を決定すべきである。,政策は長期的・体系的な結果で判断すべきである。,複雑な問題は一つの普遍的なルールで解決できる。,"正答は、主張→反証→限定的結論の流れで一貫する中心命題。誤答は二項対立・単一基準・短期志向という本文で戒める立場。キーワードは counterevidence, qualified conclusion, second-order effects。ひっかけは強い断定表現。1級は抽象概念と論証構造の追跡が核心。接続語を軸に論理地図を作る。",10,9,9,9,9,9,10,9,論証追跡力を測る1級水準
